# lambda_A, throughput  (3xAg mirror x optics x QE, no grism)
3.400000000000000000e+03,1.213009517204781257e-01
3.425000000000000000e+03,1.297100999505015340e-01
3.450000000000000000e+03,1.383724432976914387e-01
3.475000000000000000e+03,1.472922552480614156e-01
3.500000000000000000e+03,1.564738422862440304e-01
3.525000000000000000e+03,1.659215438953600408e-01
3.550000000000000000e+03,1.756397325568768153e-01
3.575000000000000000e+03,1.856328137504533182e-01
3.600000000000000000e+03,1.959052259537711338e-01
3.625000000000000000e+03,2.089532166501026633e-01
3.650000000000000000e+03,2.223764347427662214e-01
3.675000000000000000e+03,2.361809249712643055e-01
3.700000000000000000e+03,2.503727766216283235e-01
3.725000000000000000e+03,2.649581235260944911e-01
3.750000000000000000e+03,2.799431440627498380e-01
3.775000000000000000e+03,2.953340611551468209e-01
3.800000000000000000e+03,3.111371422718833823e-01
3.825000000000000000e+03,3.242680005025366241e-01
3.850000000000000000e+03,3.375652250655876152e-01
3.875000000000000000e+03,3.510299510219820340e-01
3.900000000000000000e+03,3.646633169347962555e-01
3.925000000000000000e+03,3.784664648688434996e-01
3.950000000000000000e+03,3.924405403902483380e-01
3.975000000000000000e+03,4.065866925659868403e-01
4.000000000000000000e+03,4.209060739633888604e-01
4.025000000000000000e+03,4.277942300867323966e-01
4.050000000000000000e+03,4.347513110648097423e-01
4.075000000000000000e+03,4.417777344053864241e-01
4.100000000000000000e+03,4.488739188058841756e-01
4.125000000000000000e+03,4.560402841529723750e-01
4.150000000000000000e+03,4.632772515221285636e-01
4.175000000000000000e+03,4.705852431771646582e-01
4.200000000000000000e+03,4.779646825697170254e-01
4.225000000000000000e+03,4.854159943386986420e-01
4.250000000000000000e+03,4.929396043097077351e-01
4.275000000000000000e+03,5.005359394943913465e-01
4.300000000000000000e+03,5.082054280897613241e-01
4.325000000000000000e+03,5.159484994774576894e-01
4.350000000000000000e+03,5.237655842229543834e-01
4.375000000000000000e+03,5.316571140747060609e-01
4.400000000000000000e+03,5.396235219632290470e-01
4.425000000000000000e+03,5.476652420001122401e-01
4.450000000000000000e+03,5.557827094769529630e-01
4.475000000000000000e+03,5.639763608642103243e-01
4.500000000000000000e+03,5.722466338099742034e-01
4.525000000000000000e+03,5.780761051231335657e-01
4.550000000000000000e+03,5.839287043265491972e-01
4.575000000000000000e+03,5.898044820654169129e-01
4.600000000000000000e+03,5.957034890177689279e-01
4.625000000000000000e+03,6.016257758931407018e-01
4.650000000000000000e+03,6.075713934311430808e-01
4.675000000000000000e+03,6.135403923999305231e-01
4.700000000000000000e+03,6.195328235945585238e-01
4.725000000000000000e+03,6.255487378352257988e-01
4.750000000000000000e+03,6.315881859653856845e-01
4.775000000000000000e+03,6.376512188497260869e-01
4.800000000000000000e+03,6.437378873720026595e-01
4.825000000000000000e+03,6.498482424327146623e-01
4.850000000000000000e+03,6.559823349466163966e-01
4.875000000000000000e+03,6.621402158400502280e-01
4.900000000000000000e+03,6.683219360480854299e-01
4.925000000000000000e+03,6.745275465114550784e-01
4.950000000000000000e+03,6.807570981732716797e-01
4.975000000000000000e+03,6.870106419755070970e-01
5.000000000000000000e+03,6.932882288552226768e-01
5.025000000000000000e+03,6.943966210924722438e-01
5.050000000000000000e+03,6.955052710672995353e-01
5.075000000000000000e+03,6.966141780653658522e-01
5.100000000000000000e+03,6.977233413228877135e-01
5.125000000000000000e+03,6.988327600233724679e-01
5.150000000000000000e+03,6.999424332941344140e-01
5.175000000000000000e+03,7.010523602025862111e-01
5.200000000000000000e+03,7.021625397522788248e-01
5.225000000000000000e+03,7.032729708786871203e-01
5.250000000000000000e+03,7.043836524447113501e-01
5.275000000000000000e+03,7.054945832358859859e-01
5.300000000000000000e+03,7.066057619552691405e-01
5.325000000000000000e+03,7.077171872179965906e-01
5.350000000000000000e+03,7.088288575454765317e-01
5.375000000000000000e+03,7.099407713591991964e-01
5.400000000000000000e+03,7.110529269741405756e-01
5.425000000000000000e+03,7.121653225917290442e-01
5.450000000000000000e+03,7.132779562923485805e-01
5.475000000000000000e+03,7.143908260273467148e-01
5.500000000000000000e+03,7.155039296105167868e-01
5.525000000000000000e+03,7.166172647090152115e-01
5.550000000000000000e+03,7.177308288336838871e-01
5.575000000000000000e+03,7.188446193287292285e-01
5.600000000000000000e+03,7.199586333607241873e-01
5.625000000000000000e+03,7.210728679068835190e-01
5.650000000000000000e+03,7.221873197425641155e-01
5.675000000000000000e+03,7.233019854279451044e-01
5.700000000000000000e+03,7.244168612938235441e-01
5.725000000000000000e+03,7.255319434264798639e-01
5.750000000000000000e+03,7.266472276515386630e-01
5.775000000000000000e+03,7.277627095167723548e-01
5.800000000000000000e+03,7.288783842737632801e-01
5.825000000000000000e+03,7.299942468583645594e-01
5.850000000000000000e+03,7.311102918698666464e-01
5.875000000000000000e+03,7.322265135487937560e-01
5.900000000000000000e+03,7.333429057532359074e-01
5.925000000000000000e+03,7.344594619336219932e-01
5.950000000000000000e+03,7.355761751058276232e-01
5.975000000000000000e+03,7.366930378225132747e-01
6.000000000000000000e+03,7.378100421425752842e-01
6.025000000000000000e+03,7.379023152718123812e-01
6.050000000000000000e+03,7.379944565604938944e-01
6.075000000000000000e+03,7.380864569691127919e-01
6.100000000000000000e+03,7.381783068741606391e-01
6.125000000000000000e+03,7.382699960304145437e-01
6.150000000000000000e+03,7.383615135307950439e-01
6.175000000000000000e+03,7.384528477636301824e-01
6.200000000000000000e+03,7.385439863671677818e-01
6.225000000000000000e+03,7.386349161811499586e-01
6.250000000000000000e+03,7.387256231952675778e-01
6.275000000000000000e+03,7.388160924942919205e-01
6.300000000000000000e+03,7.389063081996669613e-01
6.325000000000000000e+03,7.389962534073407641e-01
6.350000000000000000e+03,7.390859101215863092e-01
6.375000000000000000e+03,7.391752591845649478e-01
6.400000000000000000e+03,7.392642802013452696e-01
6.425000000000000000e+03,7.393529514601008268e-01
6.450000000000000000e+03,7.394412498471631956e-01
6.475000000000000000e+03,7.395291507566135181e-01
6.500000000000000000e+03,7.396166279940505905e-01
6.525000000000000000e+03,7.397036536741707913e-01
6.550000000000000000e+03,7.397901981117633863e-01
6.575000000000000000e+03,7.398762297056914461e-01
6.600000000000000000e+03,7.399617148154229440e-01
6.625000000000000000e+03,7.400466176296232046e-01
6.650000000000000000e+03,7.401309000263138760e-01
6.675000000000000000e+03,7.402145214240486437e-01
6.700000000000000000e+03,7.402974386235444682e-01
6.725000000000000000e+03,7.403796056391507285e-01
6.750000000000000000e+03,7.404609735195184506e-01
6.775000000000000000e+03,7.405414901567755059e-01
6.800000000000000000e+03,7.406211000834858060e-01
6.825000000000000000e+03,7.406997442566104484e-01
6.850000000000000000e+03,7.407773598276538030e-01
6.875000000000000000e+03,7.408538798981195717e-01
6.900000000000000000e+03,7.409292332593456765e-01
6.925000000000000000e+03,7.410033441157390932e-01
6.950000000000000000e+03,7.410761317903592493e-01
6.975000000000000000e+03,7.411475104117489776e-01
7.000000000000000000e+03,7.412173885808273077e-01
7.025000000000000000e+03,7.404620182732550848e-01
7.050000000000000000e+03,7.397047987390040769e-01
7.075000000000000000e+03,7.389456258172413250e-01
7.100000000000000000e+03,7.381843887829229178e-01
7.125000000000000000e+03,7.374209699356265579e-01
7.150000000000000000e+03,7.366552441629609094e-01
7.175000000000000000e+03,7.358870784770278339e-01
7.200000000000000000e+03,7.351163315223210315e-01
7.225000000000000000e+03,7.343428530533574472e-01
7.250000000000000000e+03,7.335664833802447715e-01
7.275000000000000000e+03,7.327870527802827771e-01
7.300000000000000000e+03,7.320043808736074187e-01
7.325000000000000000e+03,7.312182759607596116e-01
7.350000000000000000e+03,7.304285343199726777e-01
7.375000000000000000e+03,7.296349394618344419e-01
7.400000000000000000e+03,7.288372613388806043e-01
7.425000000000000000e+03,7.280352555075337850e-01
7.450000000000000000e+03,7.272286622396925138e-01
7.475000000000000000e+03,7.264172055811343176e-01
7.500000000000000000e+03,7.256005923537599545e-01
7.525000000000000000e+03,7.247785110985841550e-01
7.550000000000000000e+03,7.239506309562228070e-01
7.575000000000000000e+03,7.231166004815003934e-01
7.600000000000000000e+03,7.222760463886511717e-01
7.625000000000000000e+03,7.214285722234586862e-01
7.650000000000000000e+03,7.205737569585272118e-01
7.675000000000000000e+03,7.197111535077584943e-01
7.700000000000000000e+03,7.188402871559624874e-01
7.725000000000000000e+03,7.179606538994215414e-01
7.750000000000000000e+03,7.170717186931001574e-01
7.775000000000000000e+03,7.161729136000987150e-01
7.800000000000000000e+03,7.152636358388582138e-01
7.825000000000000000e+03,7.143880502212539563e-01
7.850000000000000000e+03,7.135064382996982868e-01
7.875000000000000000e+03,7.126186335209112599e-01
7.900000000000000000e+03,7.117244723295066411e-01
7.925000000000000000e+03,7.108237952592517672e-01
7.950000000000000000e+03,7.099164481514760316e-01
7.975000000000000000e+03,7.090022835119915712e-01
8.000000000000000000e+03,7.080811620187197342e-01
8.025000000000000000e+03,7.054566246791244000e-01
8.050000000000000000e+03,7.028263568924274507e-01
8.075000000000000000e+03,7.001904002435448415e-01
8.100000000000000000e+03,6.975488243272527367e-01
8.125000000000000000e+03,6.949017301200175467e-01
8.150000000000000000e+03,6.922492536537737662e-01
8.175000000000000000e+03,6.895915700134712667e-01
8.200000000000000000e+03,6.869288976812736314e-01
8.225000000000000000e+03,6.842736091543346610e-01
8.250000000000000000e+03,6.816154618683949451e-01
8.275000000000000000e+03,6.789549800227814291e-01
8.300000000000000000e+03,6.762927644174661079e-01
8.325000000000000000e+03,6.736294997571168341e-01
8.350000000000000000e+03,6.709659625072188494e-01
8.375000000000000000e+03,6.683030293316241099e-01
8.400000000000000000e+03,6.656416861406921903e-01
8.425000000000000000e+03,6.629830377786616324e-01
8.450000000000000000e+03,6.603283183779040666e-01
8.475000000000000000e+03,6.576789024062468236e-01
8.500000000000000000e+03,6.550363164314788600e-01
8.525000000000000000e+03,6.524022516244033509e-01
8.550000000000000000e+03,6.497785770182535892e-01
8.575000000000000000e+03,6.471673535378459352e-01
8.600000000000000000e+03,6.445708488063681685e-01
8.625000000000000000e+03,6.419592650897916197e-01
8.650000000000000000e+03,6.393635878769360348e-01
8.675000000000000000e+03,6.367864377522500785e-01
8.700000000000000000e+03,6.342306820564422853e-01
8.725000000000000000e+03,6.316994519332959079e-01
8.750000000000000000e+03,6.291961599904877245e-01
8.775000000000000000e+03,6.267245185131236074e-01
8.800000000000000000e+03,6.242885581515749127e-01
8.825000000000000000e+03,6.218926469859341610e-01
8.850000000000000000e+03,6.195415098478772586e-01
8.875000000000000000e+03,6.172402477568611490e-01
8.900000000000000000e+03,6.149943573013725295e-01
8.925000000000000000e+03,6.128097497674016569e-01
8.950000000000000000e+03,6.106927697855241144e-01
8.975000000000000000e+03,6.086502132351019334e-01
9.000000000000000000e+03,6.066893441094506345e-01
9.025000000000000000e+03,6.018940057632082841e-01
9.050000000000000000e+03,5.971448569921946614e-01
9.075000000000000000e+03,5.924465576982703707e-01
9.100000000000000000e+03,5.878040657885584830e-01
9.125000000000000000e+03,5.832226426382758344e-01
9.150000000000000000e+03,5.787078567259184014e-01
9.175000000000000000e+03,5.742655851369188325e-01
9.200000000000000000e+03,5.699020126161585820e-01
9.225000000000000000e+03,5.656236278377183568e-01
9.250000000000000000e+03,5.614372165530283620e-01
9.275000000000000000e+03,5.573498512773469304e-01
9.300000000000000000e+03,5.533688771804322615e-01
9.325000000000000000e+03,5.495018938616478277e-01
9.350000000000000000e+03,5.457567327137846647e-01
9.375000000000000000e+03,5.421414296147418765e-01
9.400000000000000000e+03,5.386641927328994495e-01
9.425000000000000000e+03,5.353333652913183638e-01
9.450000000000000000e+03,5.321573832083409394e-01
9.475000000000000000e+03,5.291447276177926318e-01
9.500000000000000000e+03,5.263038723704741573e-01
9.525000000000000000e+03,5.236432267290104248e-01
9.550000000000000000e+03,5.211710735888521739e-01
9.575000000000000000e+03,5.188955036870382953e-01
9.600000000000000000e+03,5.168243463943110738e-01
9.625000000000000000e+03,5.149650978216573360e-01
9.650000000000000000e+03,5.133248471050981809e-01
9.675000000000000000e+03,5.119102018577459390e-01
9.700000000000000000e+03,5.107272138906121528e-01
9.725000000000000000e+03,5.097813063980295434e-01
9.750000000000000000e+03,5.090772038745364769e-01
9.775000000000000000e+03,5.086188660727095634e-01
9.800000000000000000e+03,5.084094273213748405e-01
9.825000000000000000e+03,5.084511424975155514e-01
9.850000000000000000e+03,5.087453408808092492e-01
9.875000000000000000e+03,5.092923890163694178e-01
9.900000000000000000e+03,5.100916635698198309e-01
9.925000000000000000e+03,5.111415349819119491e-01
9.950000000000000000e+03,5.124393625218326420e-01
9.975000000000000000e+03,5.139815011050888893e-01
1.000000000000000000e+04,5.157633199906704879e-01
1.002500000000000000e+04,5.136439724114295613e-01
1.005000000000000000e+04,5.119041648023711089e-01
1.007500000000000000e+04,5.105356718002953542e-01
1.010000000000000000e+04,5.095288872729274443e-01
1.012500000000000000e+04,5.088729120320661936e-01
1.015000000000000000e+04,5.085556552263698071e-01
1.017500000000000000e+04,5.085639475027576850e-01
1.020000000000000000e+04,5.088836638187004269e-01
1.022500000000000000e+04,5.094998536458235083e-01
1.025000000000000000e+04,5.103968762306957396e-01
1.027500000000000000e+04,5.115585385708711907e-01
1.030000000000000000e+04,5.129682338199517133e-01
1.032500000000000000e+04,5.146090779490547495e-01
1.035000000000000000e+04,5.164640426559561348e-01
1.037500000000000000e+04,5.185160827183729060e-01
1.040000000000000000e+04,5.207482562244172275e-01
1.042500000000000000e+04,5.231438363709681738e-01
1.045000000000000000e+04,5.256864137894970979e-01
1.047500000000000000e+04,5.283599886293078862e-01
1.050000000000000000e+04,5.311490518917143522e-01
1.052500000000000000e+04,5.350100510006995380e-01
1.055000000000000000e+04,5.388634115022101767e-01
1.057500000000000000e+04,5.427006153006238565e-01
1.060000000000000000e+04,5.465138161171021469e-01
1.062500000000000000e+04,5.502958386645503408e-01
1.065000000000000000e+04,5.540401715681047001e-01
1.067500000000000000e+04,5.577409547589615713e-01
1.070000000000000000e+04,5.613929620784200436e-01
1.072500000000000000e+04,5.649915798211075924e-01
1.075000000000000000e+04,5.685327819241937641e-01
1.077500000000000000e+04,5.720131024756592852e-01
1.080000000000000000e+04,5.754296061719947897e-01
1.082500000000000000e+04,5.787798573064982799e-01
1.085000000000000000e+04,5.820618878158752008e-01
1.087500000000000000e+04,5.852741648570470856e-01
1.090000000000000000e+04,5.884155583296722947e-01
1.092500000000000000e+04,5.914853087042583057e-01
1.095000000000000000e+04,5.944829954620338697e-01
1.097500000000000000e+04,5.974085064018270774e-01
1.100000000000000000e+04,6.002620080217067056e-01
1.102500000000000000e+04,6.031782160547992655e-01
1.105000000000000000e+04,6.060083112330090227e-01
1.107500000000000000e+04,6.087543267142372372e-01
1.110000000000000000e+04,6.114183986197839760e-01
1.112500000000000000e+04,6.140027456154137919e-01
1.115000000000000000e+04,6.165096502537770196e-01
1.117500000000000000e+04,6.189414420182527410e-01
1.120000000000000000e+04,6.213004819972122172e-01
1.122500000000000000e+04,6.238220769938356280e-01
1.125000000000000000e+04,6.262486706390777425e-01
1.127500000000000000e+04,6.285848938328379987e-01
1.130000000000000000e+04,6.308352103216946505e-01
1.132500000000000000e+04,6.330039157768717617e-01
1.135000000000000000e+04,6.350951379224664128e-01
1.137500000000000000e+04,6.371128375759138596e-01
1.140000000000000000e+04,6.390608104739141648e-01
1.142500000000000000e+04,6.409426897680150503e-01
1.145000000000000000e+04,6.427619490846719907e-01
1.147500000000000000e+04,6.445219060547262568e-01
1.150000000000000000e+04,6.462257262268567004e-01
1.152500000000000000e+04,6.478764272885871867e-01
1.155000000000000000e+04,6.494768835268471818e-01
1.157500000000000000e+04,6.510298304679176251e-01
1.160000000000000000e+04,6.525378696437827974e-01
1.162500000000000000e+04,6.540034734385293813e-01
1.165000000000000000e+04,6.554289899744712988e-01
1.167500000000000000e+04,6.568166480031525367e-01
1.170000000000000000e+04,6.581685617713437519e-01
1.172500000000000000e+04,6.594867358366095500e-01
1.175000000000000000e+04,6.607730698110326761e-01
1.177500000000000000e+04,6.620293630152432884e-01
1.180000000000000000e+04,6.632573190280928177e-01
1.182500000000000000e+04,6.644585501201244471e-01
1.185000000000000000e+04,6.656345815614638228e-01
1.187500000000000000e+04,6.667868557969479637e-01
1.190000000000000000e+04,6.679167364832063747e-01
1.192500000000000000e+04,6.690255123840601614e-01
1.195000000000000000e+04,6.701144011220481200e-01
1.197500000000000000e+04,6.711845527851113546e-01
1.200000000000000000e+04,6.722370533885196897e-01
1.202500000000000000e+04,6.726847960426054485e-01
1.205000000000000000e+04,6.731163680137974836e-01
1.207500000000000000e+04,6.735327226559953973e-01
1.210000000000000000e+04,6.739347585071395752e-01
1.212500000000000000e+04,6.743233222848485919e-01
1.215000000000000000e+04,6.746992117368965092e-01
1.217500000000000000e+04,6.750631783512859307e-01
1.220000000000000000e+04,6.754159299308217790e-01
1.222500000000000000e+04,6.757581330371820183e-01
1.225000000000000000e+04,6.760904153095534941e-01
1.227500000000000000e+04,6.764133676628866221e-01
1.230000000000000000e+04,6.767275463708137817e-01
1.232500000000000000e+04,6.770334750382156486e-01
1.235000000000000000e+04,6.773316464683417637e-01
1.237500000000000000e+04,6.776225244292918282e-01
1.240000000000000000e+04,6.779065453245549655e-01
1.242500000000000000e+04,6.781841197721725223e-01
1.245000000000000000e+04,6.784556340969526422e-01
1.247500000000000000e+04,6.787214517400262936e-01
1.250000000000000000e+04,6.789819145898816632e-01
1.252500000000000000e+04,6.792373442388577320e-01
1.255000000000000000e+04,6.794880431689324096e-01
1.257500000000000000e+04,6.797342958704805094e-01
1.260000000000000000e+04,6.799763698975177517e-01
1.262500000000000000e+04,6.802145168628097593e-01
1.265000000000000000e+04,6.804489733760575865e-01
1.267500000000000000e+04,6.806799619282329905e-01
1.270000000000000000e+04,6.809076917249985428e-01
1.272500000000000000e+04,6.811323594719940200e-01
1.275000000000000000e+04,6.813541501146450630e-01
1.277500000000000000e+04,6.815732375350181949e-01
1.280000000000000000e+04,6.817897852081185039e-01
1.282500000000000000e+04,6.820039468198975108e-01
1.285000000000000000e+04,6.822158668491377087e-01
1.287500000000000000e+04,6.824256811152517033e-01
1.290000000000000000e+04,6.826335172939325124e-01
1.292500000000000000e+04,6.828394954024945562e-01
1.295000000000000000e+04,6.830437282566358403e-01
1.297500000000000000e+04,6.832463219002637977e-01
1.300000000000000000e+04,6.834473760099388784e-01
1.302500000000000000e+04,6.836469842754012705e-01
1.305000000000000000e+04,6.838452347575683099e-01
1.307500000000000000e+04,6.840422102253107539e-01
1.310000000000000000e+04,6.842379884722431527e-01
1.312500000000000000e+04,6.844326426146967179e-01
1.315000000000000000e+04,6.846262413719756967e-01
1.317500000000000000e+04,6.848188493299307567e-01
1.320000000000000000e+04,6.850105271888369263e-01
1.322500000000000000e+04,6.852013319964931348e-01
1.325000000000000000e+04,6.853913173674146542e-01
1.327500000000000000e+04,6.855805336889423396e-01
1.330000000000000000e+04,6.857690283150383870e-01
1.332500000000000000e+04,6.859568457484972459e-01
1.335000000000000000e+04,6.861440278122599157e-01
1.337500000000000000e+04,6.863306138104762200e-01
1.340000000000000000e+04,6.865166406799234622e-01
1.342500000000000000e+04,6.867021431323551139e-01
1.345000000000000000e+04,6.868871537883207701e-01
1.347500000000000000e+04,6.870717033029594134e-01
1.350000000000000000e+04,6.872558204842519336e-01
1.352500000000000000e+04,6.874395324041769895e-01
1.355000000000000000e+04,6.876228645031945419e-01
1.357500000000000000e+04,6.878058406884575149e-01
1.360000000000000000e+04,6.879884834261265070e-01
1.362500000000000000e+04,6.881708138281338316e-01
1.365000000000000000e+04,6.883528517337396124e-01
1.367500000000000000e+04,6.885346157861831351e-01
1.370000000000000000e+04,6.887161235047235541e-01
1.372500000000000000e+04,6.888973913523537274e-01
1.375000000000000000e+04,6.890784347994378667e-01
1.377500000000000000e+04,6.892592683835200296e-01
1.380000000000000000e+04,6.894399057655368201e-01
1.382500000000000000e+04,6.896203597826457976e-01
1.385000000000000000e+04,6.898006424978724294e-01
1.387500000000000000e+04,6.899807652467719876e-01
1.390000000000000000e+04,6.901607386812796952e-01
1.392500000000000000e+04,6.903405728109192063e-01
1.395000000000000000e+04,6.905202770415325153e-01
1.397500000000000000e+04,6.906998602116749542e-01
1.400000000000000000e+04,6.908793306268180556e-01
1.402500000000000000e+04,6.910586960914921750e-01
1.405000000000000000e+04,6.912379639394931052e-01
1.407500000000000000e+04,6.914171410622678149e-01
1.410000000000000000e+04,6.915962339355885558e-01
1.412500000000000000e+04,6.917752486446230309e-01
1.415000000000000000e+04,6.919541909074886643e-01
1.417500000000000000e+04,6.921330660973912252e-01
1.420000000000000000e+04,6.923118792634276319e-01
1.422500000000000000e+04,6.924906351501327606e-01
1.425000000000000000e+04,6.926693382158509715e-01
1.427500000000000000e+04,6.928479926499983010e-01
1.430000000000000000e+04,6.930266023892840410e-01
1.432500000000000000e+04,6.932051711329539900e-01
1.435000000000000000e+04,6.933837023571149949e-01
1.437500000000000000e+04,6.935621993281957387e-01
1.440000000000000000e+04,6.937406651155956228e-01
1.442500000000000000e+04,6.939191026035708143e-01
1.445000000000000000e+04,6.940975145024026460e-01
1.447500000000000000e+04,6.942759033588941087e-01
1.450000000000000000e+04,6.944542715662327392e-01
1.452500000000000000e+04,6.946326213732567645e-01
1.455000000000000000e+04,6.948109548931656887e-01
1.457500000000000000e+04,6.949892741117023043e-01
1.460000000000000000e+04,6.951675808948420965e-01
1.462500000000000000e+04,6.953458769960219055e-01
1.465000000000000000e+04,6.955241640629263866e-01
1.467500000000000000e+04,6.957024436438705717e-01
1.470000000000000000e+04,6.958807171937950731e-01
1.472500000000000000e+04,6.960589860798997996e-01
1.475000000000000000e+04,6.962372515869377221e-01
1.477500000000000000e+04,6.964155149221900043e-01
1.480000000000000000e+04,6.965937772201392653e-01
1.482500000000000000e+04,6.967720395468632866e-01
1.485000000000000000e+04,6.969503029041629327e-01
1.487500000000000000e+04,6.971285682334383837e-01
1.490000000000000000e+04,6.973068364193353297e-01
1.492500000000000000e+04,6.974851082931698976e-01
1.495000000000000000e+04,6.976633846361447455e-01
1.497500000000000000e+04,6.978416661823740874e-01
1.500000000000000000e+04,6.980199536217256417e-01
1.502500000000000000e+04,6.980201112246572359e-01
1.505000000000000000e+04,6.980202592789747085e-01
1.507500000000000000e+04,6.980203983631919629e-01
1.510000000000000000e+04,6.980205290207729396e-01
1.512500000000000000e+04,6.980206517622556950e-01
1.515000000000000000e+04,6.980207670672473608e-01
1.517500000000000000e+04,6.980208753862974236e-01
1.520000000000000000e+04,6.980209771426585386e-01
1.522500000000000000e+04,6.980210727339406507e-01
1.525000000000000000e+04,6.980211625336634196e-01
1.527500000000000000e+04,6.980212468927170510e-01
1.530000000000000000e+04,6.980213261407326453e-01
1.532500000000000000e+04,6.980214005873701666e-01
1.535000000000000000e+04,6.980214705235282535e-01
1.537500000000000000e+04,6.980215362224815312e-01
1.540000000000000000e+04,6.980215979409477578e-01
1.542500000000000000e+04,6.980216559200911330e-01
1.545000000000000000e+04,6.980217103864644335e-01
1.547500000000000000e+04,6.980217615528947483e-01
1.550000000000000000e+04,6.980218096193145927e-01
1.552500000000000000e+04,6.980218547735435042e-01
1.555000000000000000e+04,6.980218971920212345e-01
1.557500000000000000e+04,6.980219370404978640e-01
1.560000000000000000e+04,6.980219744746816168e-01
1.562500000000000000e+04,6.980220096408464858e-01
1.565000000000000000e+04,6.980220426764042196e-01
1.567500000000000000e+04,6.980220737104416706e-01
1.570000000000000000e+04,6.980221028642242809e-01
1.572500000000000000e+04,6.980221302516709247e-01
1.575000000000000000e+04,6.980221559797977759e-01
1.577500000000000000e+04,6.980221801491379718e-01
1.580000000000000000e+04,6.980222028541335222e-01
1.582500000000000000e+04,6.980222241835042363e-01
1.585000000000000000e+04,6.980222442205948896e-01
1.587500000000000000e+04,6.980222630437005193e-01
1.590000000000000000e+04,6.980222807263729567e-01
1.592500000000000000e+04,6.980222973377070428e-01
1.595000000000000000e+04,6.980223129426121886e-01
1.597500000000000000e+04,6.980223276020645073e-01
1.600000000000000000e+04,6.980223413733460669e-01
1.602500000000000000e+04,6.980223543102682671e-01
1.605000000000000000e+04,6.980223664633824487e-01
1.607500000000000000e+04,6.980223778801770695e-01
1.610000000000000000e+04,6.980223886052633331e-01
1.612500000000000000e+04,6.980223986805499381e-01
1.615000000000000000e+04,6.980224081454059482e-01
1.617500000000000000e+04,6.980224170368155567e-01
1.620000000000000000e+04,6.980224253895219721e-01
1.622500000000000000e+04,6.980224332361638639e-01
1.625000000000000000e+04,6.980224406074018173e-01
1.627500000000000000e+04,6.980224475320392363e-01
1.630000000000000000e+04,6.980224540371341435e-01
1.632500000000000000e+04,6.980224601481054281e-01
1.635000000000000000e+04,6.980224658888318778e-01
1.637500000000000000e+04,6.980224712817452160e-01
1.640000000000000000e+04,6.980224763479185857e-01
1.642500000000000000e+04,6.980224811071480406e-01
1.645000000000000000e+04,6.980224855780304827e-01
1.647500000000000000e+04,6.980224897780359372e-01
1.650000000000000000e+04,6.980224937235758320e-01
1.652500000000000000e+04,6.980224974300677232e-01
1.655000000000000000e+04,6.980225009119946922e-01
1.657500000000000000e+04,6.980225041829623001e-01
1.660000000000000000e+04,6.980225072557521004e-01
1.662500000000000000e+04,6.980225101423709333e-01
1.665000000000000000e+04,6.980225128540984425e-01
1.667500000000000000e+04,6.980225154015307076e-01
1.670000000000000000e+04,6.980225177946218773e-01
1.672500000000000000e+04,6.980225200427229160e-01
1.675000000000000000e+04,6.980225221546184633e-01
1.677500000000000000e+04,6.980225241385608070e-01
1.680000000000000000e+04,6.980225260023020795e-01
1.682500000000000000e+04,6.980225277531251216e-01
1.685000000000000000e+04,6.980225293978710166e-01
1.687500000000000000e+04,6.980225309429668457e-01
1.690000000000000000e+04,6.980225323944500015e-01
1.692500000000000000e+04,6.980225337579923917e-01
1.695000000000000000e+04,6.980225350389218653e-01
1.697500000000000000e+04,6.980225362422436408e-01
1.700000000000000000e+04,6.980225373726599569e-01
1.702500000000000000e+04,6.980225384345877249e-01
1.705000000000000000e+04,6.980225394321765142e-01
1.707500000000000000e+04,6.980225403693246511e-01
1.710000000000000000e+04,6.980225412496936510e-01
1.712500000000000000e+04,6.980225420767238731e-01
1.715000000000000000e+04,6.980225428536469545e-01
1.717500000000000000e+04,6.980225435834985781e-01
1.720000000000000000e+04,6.980225442691306847e-01
1.722500000000000000e+04,6.980225449132224647e-01
1.725000000000000000e+04,6.980225455182906824e-01
1.727500000000000000e+04,6.980225460866997800e-01
1.730000000000000000e+04,6.980225466206705365e-01
1.732500000000000000e+04,6.980225471222897271e-01
1.735000000000000000e+04,6.980225475935174506e-01
1.737500000000000000e+04,6.980225480361949009e-01
1.740000000000000000e+04,6.980225484520518053e-01
1.742500000000000000e+04,6.980225488427131975e-01
1.745000000000000000e+04,6.980225492097057449e-01
1.747500000000000000e+04,6.980225495544631897e-01
1.750000000000000000e+04,6.980225498783327875e-01
1.752500000000000000e+04,6.980225501825803036e-01
1.755000000000000000e+04,6.980225504683942317e-01
1.757500000000000000e+04,6.980225507368916782e-01
1.760000000000000000e+04,6.980225509891216928e-01
1.762500000000000000e+04,6.980225512260697096e-01
1.765000000000000000e+04,6.980225514486619875e-01
1.767500000000000000e+04,6.980225516577679423e-01
1.770000000000000000e+04,6.980225518542049201e-01
1.772500000000000000e+04,6.980225520387401961e-01
1.775000000000000000e+04,6.980225522120951931e-01
1.777500000000000000e+04,6.980225523749471472e-01
1.780000000000000000e+04,6.980225525279323273e-01
1.782500000000000000e+04,6.980225526716485884e-01
1.785000000000000000e+04,6.980225528066575924e-01
1.787500000000000000e+04,6.980225529334868062e-01
1.790000000000000000e+04,6.980225530526318334e-01
1.792500000000000000e+04,6.980225531645581905e-01
1.795000000000000000e+04,6.980225532697033053e-01
1.797500000000000000e+04,6.980225533684779604e-01
1.800000000000000000e+04,6.980225534612681804e-01
1.802500000000000000e+04,6.980225535484365640e-01
1.805000000000000000e+04,6.980225536303237277e-01
1.807500000000000000e+04,6.980225537072494157e-01
1.810000000000000000e+04,6.980225537795146096e-01
1.812500000000000000e+04,6.980225538474013058e-01
1.815000000000000000e+04,6.980225539111749589e-01
1.817500000000000000e+04,6.980225539710849247e-01
1.820000000000000000e+04,6.980225540273650164e-01
1.822500000000000000e+04,6.980225540802352802e-01
1.825000000000000000e+04,6.980225541299023284e-01
1.827500000000000000e+04,6.980225541765602282e-01
1.830000000000000000e+04,6.980225542203911671e-01
1.832500000000000000e+04,6.980225542615665635e-01
1.835000000000000000e+04,6.980225543002472888e-01
1.837500000000000000e+04,6.980225543365844443e-01
1.840000000000000000e+04,6.980225543707200275e-01
1.842500000000000000e+04,6.980225544027875983e-01
1.845000000000000000e+04,6.980225544329121679e-01
1.847500000000000000e+04,6.980225544612115307e-01
1.850000000000000000e+04,6.980225544877963761e-01
1.852500000000000000e+04,6.980225545127705100e-01
1.855000000000000000e+04,6.980225545362316319e-01
1.857500000000000000e+04,6.980225545582712243e-01
1.860000000000000000e+04,6.980225545789754404e-01
1.862500000000000000e+04,6.980225545984254376e-01
1.865000000000000000e+04,6.980225546166969330e-01
1.867500000000000000e+04,6.980225546338613141e-01
1.870000000000000000e+04,6.980225546499858602e-01
1.872500000000000000e+04,6.980225546651332991e-01
1.875000000000000000e+04,6.980225546793633606e-01
1.877500000000000000e+04,6.980225546927310010e-01
1.880000000000000000e+04,6.980225547052887336e-01
1.882500000000000000e+04,6.980225547170857414e-01
1.885000000000000000e+04,6.980225547281678766e-01
1.887500000000000000e+04,6.980225547385786600e-01
1.890000000000000000e+04,6.980225547483587256e-01
1.892500000000000000e+04,6.980225547575461542e-01
1.895000000000000000e+04,6.980225547661771390e-01
1.897500000000000000e+04,6.980225547742849868e-01
1.900000000000000000e+04,6.980225547819016718e-01
1.902500000000000000e+04,6.980225547890568372e-01
1.905000000000000000e+04,6.980225547957785714e-01
1.907500000000000000e+04,6.980225548020929649e-01
1.910000000000000000e+04,6.980225548080248865e-01
1.912500000000000000e+04,6.980225548135974289e-01
1.915000000000000000e+04,6.980225548188322415e-01
1.917500000000000000e+04,6.980225548237499744e-01
1.920000000000000000e+04,6.980225548283697234e-01
1.922500000000000000e+04,6.980225548327095852e-01
1.925000000000000000e+04,6.980225548367865462e-01
1.927500000000000000e+04,6.980225548406163716e-01
1.930000000000000000e+04,6.980225548442142713e-01
1.932500000000000000e+04,6.980225548475941233e-01
1.935000000000000000e+04,6.980225548507692501e-01
1.937500000000000000e+04,6.980225548537519753e-01
1.940000000000000000e+04,6.980225548565539562e-01
1.942500000000000000e+04,6.980225548591861839e-01
1.945000000000000000e+04,6.980225548616590947e-01
1.947500000000000000e+04,6.980225548639819033e-01
1.950000000000000000e+04,6.980225548661642687e-01
1.952500000000000000e+04,6.980225548682141845e-01
1.955000000000000000e+04,6.980225548701400884e-01
1.957500000000000000e+04,6.980225548719491968e-01
1.960000000000000000e+04,6.980225548736486152e-01
1.962500000000000000e+04,6.980225548752452269e-01
1.965000000000000000e+04,6.980225548767449162e-01
1.967500000000000000e+04,6.980225548781540112e-01
1.970000000000000000e+04,6.980225548794776191e-01
1.972500000000000000e+04,6.980225548807209579e-01
1.975000000000000000e+04,6.980225548818889125e-01
1.977500000000000000e+04,6.980225548829862570e-01
1.980000000000000000e+04,6.980225548840170990e-01
1.982500000000000000e+04,6.980225548849854356e-01
1.985000000000000000e+04,6.980225548858951523e-01
1.987500000000000000e+04,6.980225548867496910e-01
1.990000000000000000e+04,6.980225548875524932e-01
1.992500000000000000e+04,6.980225548883066677e-01
1.995000000000000000e+04,6.980225548890149900e-01
1.997500000000000000e+04,6.980225548896806798e-01
2.000000000000000000e+04,6.980225548903058463e-01
2.002500000000000000e+04,6.976721419617312181e-01
2.005000000000000000e+04,6.973217290331201745e-01
2.007500000000000000e+04,6.969713161044753802e-01
2.010000000000000000e+04,6.966209031757986114e-01
2.012500000000000000e+04,6.962704902470920887e-01
2.015000000000000000e+04,6.959200773183574773e-01
2.017500000000000000e+04,6.955696643895963316e-01
2.020000000000000000e+04,6.952192514608104279e-01
2.022500000000000000e+04,6.948688385320013206e-01
2.025000000000000000e+04,6.945184256031705639e-01
2.027500000000000000e+04,6.941680126743190460e-01
2.030000000000000000e+04,6.938175997454484323e-01
2.032500000000000000e+04,6.934671868165596109e-01
2.035000000000000000e+04,6.931167738876539142e-01
2.037500000000000000e+04,6.927663609587323412e-01
2.040000000000000000e+04,6.924159480297956692e-01
2.042500000000000000e+04,6.920655351008450085e-01
2.045000000000000000e+04,6.917151221718811360e-01
2.047500000000000000e+04,6.913647092429049401e-01
2.050000000000000000e+04,6.910142963139169758e-01
2.052500000000000000e+04,6.906638833849182424e-01
2.055000000000000000e+04,6.903134704559092949e-01
2.057500000000000000e+04,6.899630575268906885e-01
2.060000000000000000e+04,6.896126445978628672e-01
2.062500000000000000e+04,6.892622316688269413e-01
2.065000000000000000e+04,6.889118187397825777e-01
2.067500000000000000e+04,6.885614058107309976e-01
2.070000000000000000e+04,6.882109928816724231e-01
2.072500000000000000e+04,6.878605799526071873e-01
2.075000000000000000e+04,6.875101670235357343e-01
2.077500000000000000e+04,6.871597540944583971e-01
2.080000000000000000e+04,6.868093411653757308e-01
2.082500000000000000e+04,6.864589282362878464e-01
2.085000000000000000e+04,6.861085153071951881e-01
2.087500000000000000e+04,6.857581023780980889e-01
2.090000000000000000e+04,6.854076894489966598e-01
2.092500000000000000e+04,6.850572765198913450e-01
2.095000000000000000e+04,6.847068635907821443e-01
2.097500000000000000e+04,6.843564506616695020e-01
2.100000000000000000e+04,6.840060377325536400e-01
2.102500000000000000e+04,6.836556248034344474e-01
2.105000000000000000e+04,6.833052118743124792e-01
2.107500000000000000e+04,6.829547989451878465e-01
2.110000000000000000e+04,6.826043860160605492e-01
2.112500000000000000e+04,6.822539730869310315e-01
2.115000000000000000e+04,6.819035601577990713e-01
2.117500000000000000e+04,6.815531472286650017e-01
2.120000000000000000e+04,6.812027342995289336e-01
2.122500000000000000e+04,6.808523213703910892e-01
2.125000000000000000e+04,6.805019084412514685e-01
2.127500000000000000e+04,6.801514955121100714e-01
2.130000000000000000e+04,6.798010825829673420e-01
2.132500000000000000e+04,6.794506696538229473e-01
2.135000000000000000e+04,6.791002567246773314e-01
2.137500000000000000e+04,6.787498437955303832e-01
2.140000000000000000e+04,6.783994308663819917e-01
2.142500000000000000e+04,6.780490179372328230e-01
2.145000000000000000e+04,6.776986050080824331e-01
2.147500000000000000e+04,6.773481920789310440e-01
2.150000000000000000e+04,6.769977791497788777e-01
2.152500000000000000e+04,6.766473662206256012e-01
2.155000000000000000e+04,6.762969532914717696e-01
2.157500000000000000e+04,6.759465403623169388e-01
2.160000000000000000e+04,6.755961274331615529e-01
2.162500000000000000e+04,6.752457145040052788e-01
2.165000000000000000e+04,6.748953015748484496e-01
2.167500000000000000e+04,6.745448886456910653e-01
2.170000000000000000e+04,6.741944757165331259e-01
2.172500000000000000e+04,6.738440627873746314e-01
2.175000000000000000e+04,6.734936498582155817e-01
2.177500000000000000e+04,6.731432369290559770e-01
2.180000000000000000e+04,6.727928239998961502e-01
2.182500000000000000e+04,6.724424110707357682e-01
2.185000000000000000e+04,6.720919981415751643e-01
2.187500000000000000e+04,6.717415852124140052e-01
2.190000000000000000e+04,6.713911722832526241e-01
2.192500000000000000e+04,6.710407593540910209e-01
2.195000000000000000e+04,6.706903464249288627e-01
2.197500000000000000e+04,6.703399334957664824e-01
2.200000000000000000e+04,6.699895205666038800e-01
2.202500000000000000e+04,6.696391076374410556e-01
2.205000000000000000e+04,6.692886947082781202e-01
2.207500000000000000e+04,6.689382817791147406e-01
2.210000000000000000e+04,6.685878688499512501e-01
2.212500000000000000e+04,6.682374559207876485e-01
2.215000000000000000e+04,6.678870429916236029e-01
2.217500000000000000e+04,6.675366300624595572e-01
2.220000000000000000e+04,6.671862171332954006e-01
2.222500000000000000e+04,6.668358042041311329e-01
2.225000000000000000e+04,6.664853912749666431e-01
2.227500000000000000e+04,6.661349783458019314e-01
2.230000000000000000e+04,6.657845654166372196e-01
2.232500000000000000e+04,6.654341524874723968e-01
2.235000000000000000e+04,6.650837395583073519e-01
2.237500000000000000e+04,6.647333266291423071e-01
2.240000000000000000e+04,6.643829136999771512e-01
2.242500000000000000e+04,6.640325007708117733e-01
2.245000000000000000e+04,6.636820878416465064e-01
2.247500000000000000e+04,6.633316749124811285e-01
2.250000000000000000e+04,6.629812619833155285e-01
2.252500000000000000e+04,6.626308490541499285e-01
2.255000000000000000e+04,6.622804361249843286e-01
2.257500000000000000e+04,6.619300231958186176e-01
2.260000000000000000e+04,6.615796102666529066e-01
2.262500000000000000e+04,6.612291973374870846e-01
2.265000000000000000e+04,6.608787844083212626e-01
2.267500000000000000e+04,6.605283714791551075e-01
2.270000000000000000e+04,6.601779585499892855e-01
2.272500000000000000e+04,6.598275456208232415e-01
2.275000000000000000e+04,6.594771326916570864e-01
2.277500000000000000e+04,6.591267197624910423e-01
2.280000000000000000e+04,6.587763068333249983e-01
2.282500000000000000e+04,6.584258939041588432e-01
2.285000000000000000e+04,6.580754809749926881e-01
2.287500000000000000e+04,6.577250680458264220e-01
2.290000000000000000e+04,6.573746551166601559e-01
2.292500000000000000e+04,6.570242421874937788e-01
2.295000000000000000e+04,6.566738292583276237e-01
2.297500000000000000e+04,6.563234163291612466e-01
2.300000000000000000e+04,6.559730033999949805e-01
2.302500000000000000e+04,6.540807735824952784e-01
2.305000000000000000e+04,6.521885437649956874e-01
2.307500000000000000e+04,6.502963139474957632e-01
2.310000000000000000e+04,6.484040841299960611e-01
2.312500000000000000e+04,6.465118543124964701e-01
2.315000000000000000e+04,6.446196244949965459e-01
2.317500000000000000e+04,6.427273946774968438e-01
2.320000000000000000e+04,6.408351648599970307e-01
2.322500000000000000e+04,6.389429350424972176e-01
2.325000000000000000e+04,6.370507052249974045e-01
2.327500000000000000e+04,6.351584754074974803e-01
2.330000000000000000e+04,6.332662455899977783e-01
2.332500000000000000e+04,6.313740157724978541e-01
2.335000000000000000e+04,6.294817859549979300e-01
2.337500000000000000e+04,6.275895561374981169e-01
2.340000000000000000e+04,6.256973263199981927e-01
2.342500000000000000e+04,6.238050965024982686e-01
2.345000000000000000e+04,6.219128666849985665e-01
2.347500000000000000e+04,6.200206368674985313e-01
2.350000000000000000e+04,6.181284070499986072e-01
2.352500000000000000e+04,6.162361772324987941e-01
2.355000000000000000e+04,6.143439474149987589e-01
2.357500000000000000e+04,6.124517175974989458e-01
2.360000000000000000e+04,6.105594877799987996e-01
2.362500000000000000e+04,6.086672579624990975e-01
2.365000000000000000e+04,6.067750281449990624e-01
2.367500000000000000e+04,6.048827983274991382e-01
2.370000000000000000e+04,6.029905685099991031e-01
2.372500000000000000e+04,6.010983386924991789e-01
2.375000000000000000e+04,5.992061088749993658e-01
2.377500000000000000e+04,5.973138790574993306e-01
2.380000000000000000e+04,5.954216492399992955e-01
2.382500000000000000e+04,5.935294194224993714e-01
2.385000000000000000e+04,5.916371896049994472e-01
2.387500000000000000e+04,5.897449597874994121e-01
2.390000000000000000e+04,5.878527299699994879e-01
2.392500000000000000e+04,5.859605001524994528e-01
2.395000000000000000e+04,5.840682703349996396e-01
2.397500000000000000e+04,5.821760405174996045e-01
2.400000000000000000e+04,5.802838106999995693e-01
2.402500000000000000e+04,5.783915808824995342e-01
2.405000000000000000e+04,5.764993510649997210e-01
2.407500000000000000e+04,5.746071212474996859e-01
2.410000000000000000e+04,5.727148914299997617e-01
2.412500000000000000e+04,5.708226616124997266e-01
2.415000000000000000e+04,5.689304317949996914e-01
2.417500000000000000e+04,5.670382019774997673e-01
2.420000000000000000e+04,5.651459721599997321e-01
2.422500000000000000e+04,5.632537423424998080e-01
2.425000000000000000e+04,5.613615125249997728e-01
2.427500000000000000e+04,5.594692827074998487e-01
2.430000000000000000e+04,5.575770528899999245e-01
2.432500000000000000e+04,5.556848230724998894e-01
2.435000000000000000e+04,5.537925932549998542e-01
2.437500000000000000e+04,5.519003634374999301e-01
2.440000000000000000e+04,5.500081336199998949e-01
2.442500000000000000e+04,5.481159038024999708e-01
2.445000000000000000e+04,5.462236739849998246e-01
2.447500000000000000e+04,5.443314441674999005e-01
2.450000000000000000e+04,5.424392143499998653e-01
2.452500000000000000e+04,5.405469845324998301e-01
2.455000000000000000e+04,5.386547547149999060e-01
2.457500000000000000e+04,5.367625248974998708e-01
2.460000000000000000e+04,5.348702950799999467e-01
2.462500000000000000e+04,5.329780652624999115e-01
2.465000000000000000e+04,5.310858354449998764e-01
2.467500000000000000e+04,5.291936056274998412e-01
2.470000000000000000e+04,5.273013758099999171e-01
2.472500000000000000e+04,5.254091459924998819e-01
2.475000000000000000e+04,5.235169161749999578e-01
2.477500000000000000e+04,5.216246863574998116e-01
2.480000000000000000e+04,5.197324565399999985e-01
2.482500000000000000e+04,5.178402267224999633e-01
2.485000000000000000e+04,5.159479969049999282e-01
2.487500000000000000e+04,5.140557670875000040e-01
2.490000000000000000e+04,5.121635372699999689e-01
2.492500000000000000e+04,5.102713074525000447e-01
2.495000000000000000e+04,5.083790776350000096e-01
2.497500000000000000e+04,5.064868478174999744e-01
2.500000000000000000e+04,5.045946179999999393e-01
2.502500000000000000e+04,5.007720265796531400e-01
2.505000000000000000e+04,4.969500133793259833e-01
2.507500000000000000e+04,4.931285783550893309e-01
2.510000000000000000e+04,4.893077214630157656e-01
2.512500000000000000e+04,4.854874426591792025e-01
2.515000000000000000e+04,4.816677418996551108e-01
2.517500000000000000e+04,4.778486191405204031e-01
2.520000000000000000e+04,4.740300743378534354e-01
2.522500000000000000e+04,4.702121074477340068e-01
2.525000000000000000e+04,4.663947184262437484e-01
2.527500000000000000e+04,4.625779072294652350e-01
2.530000000000000000e+04,4.587616738134830952e-01
2.532500000000000000e+04,4.549460181343827903e-01
2.535000000000000000e+04,4.511309401482519466e-01
2.537500000000000000e+04,4.473164398111792450e-01
2.540000000000000000e+04,4.435025170792550875e-01
2.542500000000000000e+04,4.396891719085709860e-01
2.545000000000000000e+04,4.358764042552205065e-01
2.547500000000000000e+04,4.320642140752979365e-01
2.550000000000000000e+04,4.282526013248998953e-01
2.552500000000000000e+04,4.244415659601241120e-01
2.555000000000000000e+04,4.206311079370695372e-01
2.557500000000000000e+04,4.168212272118370643e-01
2.560000000000000000e+04,4.130119237405285304e-01
2.562500000000000000e+04,4.092031974792480487e-01
2.565000000000000000e+04,4.053950483841002872e-01
2.567500000000000000e+04,4.015874764111923012e-01
2.570000000000000000e+04,3.977804815166317565e-01
2.572500000000000000e+04,3.939740636565286502e-01
2.575000000000000000e+04,3.901682227869937014e-01
2.577500000000000000e+04,3.863629588641397383e-01
2.580000000000000000e+04,3.825582718440805330e-01
2.582500000000000000e+04,3.787541616829320223e-01
2.585000000000000000e+04,3.749506283368106985e-01
2.587500000000000000e+04,3.711476717618356069e-01
2.590000000000000000e+04,3.673452919141262374e-01
2.592500000000000000e+04,3.635434887498043555e-01
2.595000000000000000e+04,3.597422622249927815e-01
2.597500000000000000e+04,3.559416122958160567e-01
2.600000000000000000e+04,3.521415389183999989e-01
2.602500000000000000e+04,3.479228578827481821e-01
2.605000000000000000e+04,3.437048172111388800e-01
2.607500000000000000e+04,3.394874168548315252e-01
2.610000000000000000e+04,3.352706567650879932e-01
2.612500000000000000e+04,3.310545368931709920e-01
2.615000000000000000e+04,3.268390571903457276e-01
2.617500000000000000e+04,3.226242176078781831e-01
2.620000000000000000e+04,3.184100180970368399e-01
2.622500000000000000e+04,3.141964586090910672e-01
2.625000000000000000e+04,3.099835390953125658e-01
2.627500000000000000e+04,3.057712595069739803e-01
2.630000000000000000e+04,3.015596197953504531e-01
2.632500000000000000e+04,2.973486199117178486e-01
2.635000000000000000e+04,2.931382598073545287e-01
2.637500000000000000e+04,2.889285394335398549e-01
2.640000000000000000e+04,2.847194587415551870e-01
2.642500000000000000e+04,2.805110176826834389e-01
2.645000000000000000e+04,2.763032162082093013e-01
2.647500000000000000e+04,2.720960542694188522e-01
2.650000000000000000e+04,2.678895318176000573e-01
2.652500000000000000e+04,2.636836488040422699e-01
2.655000000000000000e+04,2.594784051800368418e-01
2.657500000000000000e+04,2.552738008968766237e-01
2.660000000000000000e+04,2.510698359058559648e-01
2.662500000000000000e+04,2.468665101582710464e-01
2.665000000000000000e+04,2.426638236054196873e-01
2.667500000000000000e+04,2.384617761986012885e-01
2.670000000000000000e+04,2.342603678891168051e-01
2.672500000000000000e+04,2.300595986282691352e-01
2.675000000000000000e+04,2.258594683673625092e-01
2.677500000000000000e+04,2.216599770577030726e-01
2.680000000000000000e+04,2.174611246505984141e-01
2.682500000000000000e+04,2.132629110973579267e-01
2.685000000000000000e+04,2.090653363492924743e-01
2.687500000000000000e+04,2.048684003577148638e-01
2.690000000000000000e+04,2.006721030739391787e-01
2.692500000000000000e+04,1.964764444492815565e-01
2.695000000000000000e+04,1.922814244350593005e-01
2.697500000000000000e+04,1.880870429825918788e-01
2.700000000000000000e+04,1.838933000431999809e-01
2.702500000000000000e+04,1.809539178628681577e-01
2.705000000000000000e+04,1.780149827876339463e-01
2.707500000000000000e+04,1.750764947834199114e-01
2.710000000000000000e+04,1.721384538161499222e-01
2.712500000000000000e+04,1.692008598517488194e-01
2.715000000000000000e+04,1.662637128561427757e-01
2.717500000000000000e+04,1.633270127952589912e-01
2.720000000000000000e+04,1.603907596350259146e-01
2.722500000000000000e+04,1.574549533413730773e-01
2.725000000000000000e+04,1.545195938802312319e-01
2.727500000000000000e+04,1.515846812175322411e-01
2.730000000000000000e+04,1.486502153192091336e-01
2.732500000000000000e+04,1.457161961511960202e-01
2.735000000000000000e+04,1.427826236794283721e-01
2.737500000000000000e+04,1.398494978698425484e-01
2.740000000000000000e+04,1.369168186883763239e-01
2.742500000000000000e+04,1.339845861009683892e-01
2.745000000000000000e+04,1.310528000735587950e-01
2.747500000000000000e+04,1.281214605720885358e-01
2.750000000000000000e+04,1.251905675624999659e-01
2.752500000000000000e+04,1.222601210107365360e-01
2.755000000000000000e+04,1.193301208827427379e-01
2.757500000000000000e+04,1.164005671444644091e-01
2.760000000000000000e+04,1.134714597618483034e-01
2.762500000000000000e+04,1.105427987008425761e-01
2.765000000000000000e+04,1.076145839273963678e-01
2.767500000000000000e+04,1.046868154074600543e-01
2.770000000000000000e+04,1.017594931069850939e-01
2.772500000000000000e+04,9.883261699192424921e-02
2.775000000000000000e+04,9.590618702823124064e-02
2.777500000000000000e+04,9.298020318186109301e-02
2.780000000000000000e+04,9.005466541876989972e-02
2.782500000000000000e+04,8.712957370491500320e-02
2.785000000000000000e+04,8.420492800625475893e-02
2.787500000000000000e+04,8.128072828874882694e-02
2.790000000000000000e+04,7.835697451835790805e-02
2.792500000000000000e+04,7.543366666104393825e-02
2.795000000000000000e+04,7.251080468276996371e-02
2.797500000000000000e+04,6.958838854950019637e-02
2.800000000000000000e+04,6.666641822719999999e-02
2.802500000000000000e+04,6.603637678804567812e-02
2.805000000000000000e+04,6.540643106891756708e-02
2.807500000000000000e+04,6.477658106251804604e-02
2.810000000000000000e+04,6.414682676154984109e-02
2.812500000000000000e+04,6.351716815871580324e-02
2.815000000000000000e+04,6.288760524671915819e-02
2.817500000000000000e+04,6.225813801826327737e-02
2.820000000000000000e+04,6.162876646605183750e-02
2.822500000000000000e+04,6.099949058278873737e-02
2.825000000000000000e+04,6.037031036117813942e-02
2.827500000000000000e+04,5.974122579392441429e-02
2.830000000000000000e+04,5.911223687373225177e-02
2.832500000000000000e+04,5.848334359330650822e-02
2.835000000000000000e+04,5.785454594535237999e-02
2.837500000000000000e+04,5.722584392257519526e-02
2.840000000000000000e+04,5.659723751768064998e-02
2.842500000000000000e+04,5.596872672337458582e-02
2.845000000000000000e+04,5.534031153236317058e-02
2.847500000000000000e+04,5.471199193735275940e-02
2.850000000000000000e+04,5.408376793105000579e-02
2.852500000000000000e+04,5.345563950616176452e-02
2.855000000000000000e+04,5.282760665539516093e-02
2.857500000000000000e+04,5.219966937145759101e-02
2.860000000000000000e+04,5.157182764705663114e-02
2.862500000000000000e+04,5.094408147490019079e-02
2.865000000000000000e+04,5.031643084769635982e-02
2.867500000000000000e+04,4.968887575815351260e-02
2.870000000000000000e+04,4.906141619898023859e-02
2.872500000000000000e+04,4.843405216288541176e-02
2.875000000000000000e+04,4.780678364257812119e-02
2.877500000000000000e+04,4.717961063076774736e-02
2.880000000000000000e+04,4.655253312016384426e-02
2.882500000000000000e+04,4.592555110347629199e-02
2.885000000000000000e+04,4.529866457341516495e-02
2.887500000000000000e+04,4.467187352269083589e-02
2.890000000000000000e+04,4.404517794401383718e-02
2.892500000000000000e+04,4.341857783009506894e-02
2.895000000000000000e+04,4.279207317364556312e-02
2.897500000000000000e+04,4.216566396737669170e-02
2.900000000000000000e+04,4.153935020400000011e-02
2.902500000000000000e+04,4.091313187622733216e-02
2.905000000000000000e+04,4.028700897677076759e-02
2.907500000000000000e+04,3.966098149834260816e-02
2.910000000000000000e+04,3.903504943365544710e-02
2.912500000000000000e+04,3.840921277542206497e-02
2.915000000000000000e+04,3.778347151635556844e-02
2.917500000000000000e+04,3.715782564916923769e-02
2.920000000000000000e+04,3.653227516657664431e-02
2.922500000000000000e+04,3.590682006129158887e-02
2.925000000000000000e+04,3.528146032602812870e-02
2.927500000000000000e+04,3.465619595350055704e-02
2.930000000000000000e+04,3.403102693642344467e-02
2.932500000000000000e+04,3.340595326751156363e-02
2.935000000000000000e+04,3.278097493947997737e-02
2.937500000000000000e+04,3.215609194504395058e-02
2.940000000000000000e+04,3.153130427691905324e-02
2.942500000000000000e+04,3.090661192782103925e-02
2.945000000000000000e+04,3.028201489046597125e-02
2.947500000000000000e+04,2.965751315757011314e-02
2.950000000000000000e+04,2.903310672184999594e-02
2.952500000000000000e+04,2.840879557602241090e-02
2.955000000000000000e+04,2.778457971280436437e-02
2.957500000000000000e+04,2.716045912491314024e-02
2.960000000000000000e+04,2.653643380506624100e-02
2.962500000000000000e+04,2.591250374598145015e-02
2.965000000000000000e+04,2.528866894037676630e-02
2.967500000000000000e+04,2.466492938097046908e-02
2.970000000000000000e+04,2.404128506048104283e-02
2.972500000000000000e+04,2.341773597162726678e-02
2.975000000000000000e+04,2.279428210712812486e-02
2.977500000000000000e+04,2.217092345970288897e-02
2.980000000000000000e+04,2.154766002207104611e-02
2.982500000000000000e+04,2.092449178695234349e-02
2.985000000000000000e+04,2.030141874706677119e-02
2.987500000000000000e+04,1.967844089513457947e-02
2.990000000000000000e+04,1.905555822387624415e-02
2.992500000000000000e+04,1.843277072601251509e-02
2.995000000000000000e+04,1.781007839426437117e-02
2.997500000000000000e+04,1.718748122135304104e-02
3.000000000000000000e+04,1.656497919999999971e-02
3.002500000000000000e+04,0.000000000000000000e+00
